-- ============================================================
--  LMD_data.sql  —  Données réalistes (INSERT)
--  Système de vente type Kijiji
-- ============================================================

-- ============================================================
--  1. CATEGORIES (10)
-- ============================================================
INSERT INTO categorie (nom, description) VALUES
('Électronique',      'Appareils électroniques, téléphones, ordinateurs'),
('Meubles',           'Tables, chaises, sofas, armoires'),
('Vêtements',         'Habits, chaussures, accessoires de mode'),
('Véhicules',         'Voitures, motos, vélos'),
('Immobilier',        'Appartements, maisons, terrains à louer ou vendre'),
('Sport & Loisirs',   'Équipements sportifs, jeux, instruments de musique'),
('Électroménagers',   'Réfrigérateurs, laveuses, micro-ondes'),
('Livres & Médias',   'Livres, DVD, jeux vidéo, vinyles'),
('Jardinage',         'Outils de jardin, plantes, équipements extérieurs'),
('Jouets & Enfants',  'Jouets, poussettes, vêtements pour enfants');

-- ============================================================
--  2. UTILISATEURS (50)
--     Certains auront plusieurs rôles selon leurs actions
-- ============================================================
INSERT INTO utilisateur (nom, prenom, email, mot_de_passe, telephone, adresse, date_inscription) VALUES
('Tremblay',   'Lucas',    'lucas.tremblay@gmail.com',    'hashed_pw_01', '514-234-5678', '12 rue Saint-Denis, Montréal',      '2023-01-15'),
('Gagnon',     'Emma',     'emma.gagnon@hotmail.com',     'hashed_pw_02', '438-345-6789', '45 av. Mont-Royal, Montréal',        '2023-02-20'),
('Roy',        'Noah',     'noah.roy@yahoo.com',          'hashed_pw_03', '514-456-7890', '78 boul. Saint-Laurent, Montréal',   '2023-03-10'),
('Côté',       'Olivia',   'olivia.cote@gmail.com',       'hashed_pw_04', '450-567-8901', '23 rue Principale, Laval',           '2023-03-22'),
('Bouchard',   'William',  'william.bouchard@gmail.com',  'hashed_pw_05', '514-678-9012', '5 rue Sainte-Catherine, Montréal',   '2023-04-05'),
('Gauthier',   'Sofia',    'sofia.gauthier@outlook.com',  'hashed_pw_06', '438-789-0123', '90 rue Wellington, Verdun',          '2023-04-18'),
('Morin',      'Liam',     'liam.morin@gmail.com',        'hashed_pw_07', '514-890-1234', '34 av. Papineau, Montréal',          '2023-05-02'),
('Lavoie',     'Mia',      'mia.lavoie@gmail.com',        'hashed_pw_08', '450-901-2345', '67 rue des Érables, Longueuil',      '2023-05-14'),
('Fortin',     'James',    'james.fortin@hotmail.com',    'hashed_pw_09', '514-012-3456', '11 rue Notre-Dame, Montréal',        '2023-06-01'),
('Michaud',    'Charlotte','charlotte.michaud@gmail.com', 'hashed_pw_10', '438-123-4567', '56 boul. Décarie, Montréal',         '2023-06-15'),
('Lefebvre',   'Étienne',  'etienne.lefebvre@gmail.com',  'hashed_pw_11', '514-234-5679', '29 rue Beaubien, Montréal',          '2023-07-03'),
('Bergeron',   'Camille',  'camille.bergeron@yahoo.com',  'hashed_pw_12', '450-345-6780', '82 av. Victoria, Brossard',          '2023-07-20'),
('Pelletier',  'Hugo',     'hugo.pelletier@gmail.com',    'hashed_pw_13', '514-456-7891', '14 rue Duluth, Montréal',            '2023-08-08'),
('Lebrun',     'Léa',      'lea.lebrun@hotmail.com',      'hashed_pw_14', '438-567-8902', '37 rue Masson, Montréal',            '2023-08-25'),
('Savard',     'Antoine',  'antoine.savard@gmail.com',    'hashed_pw_15', '514-678-9013', '60 rue Rachel, Montréal',            '2023-09-10'),
('Ouellet',    'Jade',     'jade.ouellet@gmail.com',      'hashed_pw_16', '450-789-0124', '19 boul. Taschereau, Brossard',      '2023-09-28'),
('Hébert',     'Samuel',   'samuel.hebert@outlook.com',   'hashed_pw_17', '514-890-1235', '43 rue Gilford, Montréal',           '2023-10-12'),
('Paradis',    'Clara',    'clara.paradis@gmail.com',     'hashed_pw_18', '438-901-2346', '71 av. Laval, Montréal',             '2023-10-30'),
('Bélanger',   'Félix',    'felix.belanger@gmail.com',    'hashed_pw_19', '514-012-3457', '25 rue Saint-Hubert, Montréal',      '2023-11-14'),
('Lévesque',   'Zoé',      'zoe.levesque@hotmail.com',    'hashed_pw_20', '450-123-4568', '88 rue Saint-Charles, Longueuil',    '2023-11-29'),
('Desrochers', 'Maxime',   'maxime.desrochers@gmail.com', 'hashed_pw_21', '514-234-5680', '32 rue De Lorimier, Montréal',       '2023-12-10'),
('Girard',     'Anaïs',    'anais.girard@gmail.com',      'hashed_pw_22', '438-345-6781', '55 av. du Parc, Montréal',           '2024-01-05'),
('Paquin',     'Thomas',   'thomas.paquin@yahoo.com',     'hashed_pw_23', '514-456-7892', '17 rue Laurier, Montréal',           '2024-01-20'),
('Thibault',   'Maëlle',   'maelle.thibault@gmail.com',   'hashed_pw_24', '450-567-8903', '64 boul. des Laurentides, Laval',    '2024-02-08'),
('Boutin',     'Victor',   'victor.boutin@outlook.com',   'hashed_pw_25', '514-678-9014', '9 rue de Castelnau, Montréal',       '2024-02-22'),
('Proulx',     'Sarah',    'sarah.proulx@gmail.com',      'hashed_pw_26', '438-789-0125', '48 rue Sherbrooke, Montréal',        '2024-03-07'),
('Marchand',   'Nicolas',  'nicolas.marchand@gmail.com',  'hashed_pw_27', '514-890-1236', '73 rue Cartier, Montréal',           '2024-03-19'),
('Dumas',      'Élise',    'elise.dumas@hotmail.com',     'hashed_pw_28', '450-901-2347', '26 av. Dollard, LaSalle',            '2024-04-02'),
('Bédard',     'Justin',   'justin.bedard@gmail.com',     'hashed_pw_29', '514-012-3458', '51 rue Monk, Montréal',              '2024-04-17'),
('Poirier',    'Amélie',   'amelie.poirier@gmail.com',    'hashed_pw_30', '438-123-4568', '84 boul. Gouin, Montréal',           '2024-05-01'),
('Charron',    'Raphaël',  'raphael.charron@gmail.com',   'hashed_pw_31', '514-234-5681', '20 rue Drolet, Montréal',            '2024-05-14'),
('Audet',      'Noémie',   'noemie.audet@yahoo.com',      'hashed_pw_32', '450-345-6782', '63 rue des Patriotes, Saint-Jean',   '2024-05-28'),
('Vachon',     'Gabriel',  'gabriel.vachon@gmail.com',    'hashed_pw_33', '514-456-7893', '38 av. Beaumont, Montréal',          '2024-06-10'),
('Mercier',    'Laurie',   'laurie.mercier@outlook.com',  'hashed_pw_34', '438-567-8904', '75 rue Saint-Zotique, Montréal',     '2024-06-24'),
('Beaulieu',   'Xavier',   'xavier.beaulieu@gmail.com',   'hashed_pw_35', '514-678-9015', '13 rue Bélanger, Montréal',          '2024-07-08'),
('Venne',      'Juliette',  'juliette.venne@gmail.com',   'hashed_pw_36', '450-789-0126', '46 boul. Champlain, Boucherville',   '2024-07-22'),
('Labelle',    'Alexis',   'alexis.labelle@hotmail.com',  'hashed_pw_37', '514-890-1237', '69 rue De La Roche, Montréal',       '2024-08-05'),
('Caron',      'Mélodie',  'melodie.caron@gmail.com',     'hashed_pw_38', '438-901-2348', '22 rue Fabre, Montréal',             '2024-08-19'),
('Dion',       'Sébastien','sebastien.dion@gmail.com',    'hashed_pw_39', '514-012-3459', '57 av. Christophe-Colomb, Montréal', '2024-09-02'),
('Fontaine',   'Ariane',   'ariane.fontaine@gmail.com',   'hashed_pw_40', '450-123-4569', '80 rue du Marché, Repentigny',       '2024-09-16'),
('Lemay',      'Edouard',  'edouard.lemay@yahoo.com',     'hashed_pw_41', '514-234-5682', '15 rue Sherbrooke O., Montréal',     '2024-09-30'),
('Croteau',    'Vanessa',  'vanessa.croteau@gmail.com',   'hashed_pw_42', '438-345-6783', '42 boul. René-Lévesque, Montréal',   '2024-10-14'),
('Dupont',     'Alexandre','alexandre.dupont@outlook.com','hashed_pw_43', '514-456-7894', '68 rue Papineau, Montréal',          '2024-10-28'),
('Martin',     'Stéphanie','stephanie.martin@gmail.com',  'hashed_pw_44', '450-567-8905', '31 av. Bourgogne, Greenfield Park',  '2024-11-11'),
('Richard',    'Benoit',   'benoit.richard@gmail.com',    'hashed_pw_45', '514-678-9016', '76 rue Christin, Montréal',          '2024-11-25'),
('Allard',     'Isabelle', 'isabelle.allard@hotmail.com', 'hashed_pw_46', '438-789-0127', '24 rue Berri, Montréal',             '2024-12-09'),
('Perreault',  'Mathieu',  'mathieu.perreault@gmail.com', 'hashed_pw_47', '514-890-1238', '59 av. De Gaspé, Montréal',          '2024-12-23'),
('Bisson',     'Audrey',   'audrey.bisson@gmail.com',     'hashed_pw_48', '450-901-2349', '87 boul. Pie-IX, Montréal',          '2025-01-06'),
('Tessier',    'Olivier',  'olivier.tessier@yahoo.com',   'hashed_pw_49', '514-012-3460', '33 rue Amherst, Montréal',           '2025-01-20'),
('Gosselin',   'Marie',    'marie.gosselin@gmail.com',    'hashed_pw_50', '438-123-4569', '66 rue des Pins, Montréal',          '2025-02-03');

-- ============================================================
--  3. PRODUITS (60)
--     id_utilisateur 1–30 = annonceurs
--     id_categorie selon le produit
-- ============================================================
INSERT INTO produit (id_utilisateur, id_categorie, titre, description, etat, prix_demande, date_soumission) VALUES
(1,  1, 'iPhone 13 Pro 256 Go',          'Très bon état, avec boîte originale et câble',                     'comme neuf',  850.00, '2024-01-10'),
(2,  2, 'Sofa sectionnel gris',          'Sofa L 3 places, tissu microfibre, 2 ans',                         'bon état',    600.00, '2024-01-15'),
(3,  4, 'Vélo de montagne Trek',         'Trek Marlin 5, 27 vitesses, cadre alu, roues 29"',                 'bon état',    450.00, '2024-01-20'),
(4,  1, 'MacBook Pro M1 13"',            'Apple M1, 8 Go RAM, 256 Go SSD, batterie 90%',                     'comme neuf', 1100.00, '2024-01-25'),
(5,  7, 'Réfrigérateur Samsung 500L',    'Double porte, distributeur eau/glace, 3 ans',                      'bon état',    750.00, '2024-02-01'),
(6,  6, 'Guitare acoustique Yamaha',     'Yamaha FG800, avec housse et accordeur',                           'bon état',    220.00, '2024-02-05'),
(7,  3, 'Manteau North Face homme L',    'Hiver, isolant synthétique, couleur noir',                         'comme neuf',  180.00, '2024-02-10'),
(8,  8, 'Collection romans Dumas',       '12 livres Alexandre Dumas, éditions diverses',                     'bon état',     45.00, '2024-02-15'),
(9,  1, 'Samsung Galaxy S23',            '128 Go, noir, déverrouillé, aucune égratignure',                   'comme neuf',  620.00, '2024-02-20'),
(10, 2, 'Bureau en chêne massif',        'Bureau 140x70 cm, tiroirs latéraux, très solide',                  'bon état',    320.00, '2024-02-25'),
(11, 9, 'Tondeuse autoportée Husqvarna', 'Husqvarna TC242T, 107 cm coupe, moteur 24 cv',                    'usagé',      1800.00, '2024-03-01'),
(12, 6, 'Piano numérique Casio CDP',     'CDP-S360, 88 touches lestées, avec banc',                         'bon état',    380.00, '2024-03-05'),
(13, 4, 'Honda Civic 2018',              '4 portes, 78 000 km, automatique, gris',                          'bon état',   12500.00, '2024-03-10'),
(14, 7, 'Laveuse LG 4.5 pi³',           'Frontale, vapeur, Wi-Fi, livraison possible',                      'comme neuf',  650.00, '2024-03-15'),
(15, 1, 'iPad Air 5e génération',        '64 Go, Wi-Fi, bleu ciel, avec clavier',                           'comme neuf',  700.00, '2024-03-20'),
(16, 2, 'Table à manger 6 places',       'Bois d\'acacia, avec 6 chaises assorties',                        'bon état',    520.00, '2024-03-25'),
(17, 10,'Poussette Bugaboo Fox',         'Châssis noir, nacelle et siège inclus, 2 ans',                    'bon état',    650.00, '2024-04-01'),
(18, 6, 'Tente de camping 4 personnes', 'Coleman Sundome, montage 10 min, imperméable',                     'bon état',    120.00, '2024-04-05'),
(19, 3, 'Sac à main Louis Vuitton',      'Speedy 30, toile monogramme, authentique',                        'usagé',       900.00, '2024-04-10'),
(20, 1, 'Sony PlayStation 5',            'Console PS5, 825 Go, manette incluse',                            'comme neuf',  550.00, '2024-04-15'),
(21, 7, 'Micro-ondes Panasonic 1200W',   '1.2 pi³, acier inoxydable, plateau tournant',                     'bon état',     85.00, '2024-04-20'),
(22, 2, 'Lit queen avec sommier',        'Cadre en métal noir, tête de lit rembourrée',                     'bon état',    280.00, '2024-04-25'),
(23, 4, 'Toyota Corolla 2020',           '4 portes, 45 000 km, CVT, caméra recul',                         'comme neuf', 18500.00, '2024-05-01'),
(24, 9, 'Ensemble outils de jardin',     'Bêche, râteau, fourche, arrosoir, sécateurs',                     'bon état',     65.00, '2024-05-05'),
(25, 6, 'Vélo stationnaire NordicTrack', 'S22i Studio, écran 22", résistance magnétique',                   'comme neuf',  900.00, '2024-05-10'),
(26, 8, 'Vinyles jazz années 60',        'Lot de 20 vinyles, Miles Davis, Coltrane, Evans',                 'bon état',    150.00, '2024-05-15'),
(27, 1, 'Dell XPS 15 i7',               'i7-12700H, 16 Go RAM, 512 Go SSD, RTX 3050',                      'bon état',   1200.00, '2024-05-20'),
(28, 3, 'Skis Rossignol + fixations',    'Skis 170 cm, fixations Look, sac de transport',                   'bon état',    320.00, '2024-05-25'),
(29, 7, 'Aspirateur Dyson V11',          'Sans fil, 60 min autonomie, toutes têtes incluses',               'comme neuf',  420.00, '2024-06-01'),
(30, 2, 'Bibliothèque IKEA Billy',       '5 étagères, blanc, 80x202 cm, parfait état',                     'bon état',     90.00, '2024-06-05'),
(1,  6, 'Raquette de tennis Wilson',     'Pro Staff 97, cordage neuf, grip 3',                              'bon état',    140.00, '2024-06-10'),
(3,  1, 'GoPro Hero 11 Black',           'Avec 3 batteries, chargeur dual, micro SD 128 Go',               'comme neuf',  380.00, '2024-06-15'),
(5,  4, 'Mazda CX-5 2019',              'AWD, 62 000 km, toit ouvrant, cuir',                              'bon état',   21000.00, '2024-06-20'),
(7,  10,'Lego Technic Bugatti',          '3599 pièces, complet, boîte et instructions',                     'bon état',    280.00, '2024-06-25'),
(9,  2, 'Chaises de bureau x4',          'Ergonomiques, appui lombaire, noires, lot de 4',                  'bon état',    200.00, '2024-07-01'),
(11, 7, 'Lave-vaisselle Bosch 500',      '6 programmes, 3e panier, 44 dB, acier inox',                     'comme neuf',  700.00, '2024-07-05'),
(13, 6, 'Skis de fond Fisher',           'Classic 200 cm, avec bâtons et bottes taille 43',                'bon état',    180.00, '2024-07-10'),
(15, 3, 'Bottes Sorel hiver femme 7',    'Cuir imperméable, doublure polaire, -40°C',                      'comme neuf',   95.00, '2024-07-15'),
(17, 8, 'Jeux vidéo PS4 lot x8',         'FIFA, GTA V, Uncharted 4, God of War, etc.',                     'bon état',     80.00, '2024-07-20'),
(19, 9, 'Barbecue au propane Napoleon',  '4 brûleurs, 500 pi² cuisson, allumage élec.',                    'bon état',    450.00, '2024-07-25'),
(21, 1, 'Apple Watch Series 8',          '45mm, GPS, boîtier alu minuit, bracelet sport',                  'comme neuf',  320.00, '2024-08-01'),
(23, 2, 'Commode 6 tiroirs IKEA',        'Hemnes, blanc, 108x130 cm, bonne condition',                     'bon état',    110.00, '2024-08-05'),
(25, 4, 'BMW 3 Series 2017',             '328i xDrive, 88 000 km, cuir, toit panoramique',                 'bon état',   22000.00, '2024-08-10'),
(27, 6, 'Kayak Ocean Kayak Malibu',      'Monoplace, 3.6 m, avec pagaie et gilet',                        'bon état',    600.00, '2024-08-15'),
(29, 7, 'Congélateur vertical Whirlpool','5 pi³, blanc, 4 tiroirs, 2 ans',                                 'bon état',    220.00, '2024-08-20'),
(2,  3, 'Habit de neige Columbia 2 ans', 'Rose, imperméable, doublure polaire, excellent état',            'comme neuf',   55.00, '2024-08-25'),
(4,  8, 'Encyclopédie Universalis',      '20 volumes, édition 2002, excellent état',                       'bon état',     70.00, '2024-09-01'),
(6,  6, 'Planche à pagaie Aquaglide',    '10.6", 6" épaisseur, pompe double action incluse',              'comme neuf',  480.00, '2024-09-05'),
(8,  1, 'Google Pixel 7 Pro',           '256 Go, noir obsidienne, déverrouillé',                          'comme neuf',  580.00, '2024-09-10'),
(10, 9, 'Serre de jardin 3x2m',         'Aluminium et polycarbonate, 4 étagères, porte coulissante',      'bon état',    250.00, '2024-09-15'),
(12, 2, 'Table basse vitrée',           'Cadre chromé, plateau verre trempé 90x50 cm',                   'bon état',    120.00, '2024-09-20'),
(14, 7, 'Sécheuse Samsung 7.4 pi³',     'Vapeur, Wi-Fi, blanc, compatible laveuse LMD14',                'comme neuf',  550.00, '2024-09-25'),
(16, 10,'Jouets Montessori lot',         '15 jouets bois naturel, 0-3 ans, excellent état',               'comme neuf',   90.00, '2024-10-01'),
(18, 4, 'Subaru Outback 2021',          'AWD, 31 000 km, EyeSight, vert forêt',                          'comme neuf', 29000.00, '2024-10-05'),
(20, 6, 'Planche de surf Rip Curl',     '6\'2", shortboard, avec leash et housse',                       'bon état',    350.00, '2024-10-10'),
(22, 1, 'Tablette Samsung Galaxy S7',   '128 Go, Wi-Fi, avec S-Pen et clavier',                          'comme neuf',  480.00, '2024-10-15'),
(24, 8, 'Vinyles classique lot x15',    'Beethoven, Mozart, Chopin, très bonne condition',               'bon état',    100.00, '2024-10-20'),
(26, 3, 'Manteau Kanuk femme M',        'Duvet d\'oie, coyote, -30°C, couleur marine',                  'bon état',    350.00, '2024-10-25'),
(28, 7, 'Robot culinaire KitchenAid',   'Artisan 5 qt, rouge empire, 10 accessoires',                   'comme neuf',  420.00, '2024-11-01'),
(30, 6, 'Raquettes à neige MSR Evo',   '22", avec bâtons télescopiques et guêtres',                    'bon état',    175.00, '2024-11-05'),
(2,  2, 'Armoire penderie PAX IKEA',   '200x236 cm, portes miroir, intérieur complet',                 'bon état',    280.00, '2024-11-10');

-- ============================================================
--  4. ANNONCES (55)
--     statut : 'en_attente', 'active', 'vendue', 'retiree'
-- ============================================================
INSERT INTO annonce (id_produit, statut, date_publication, date_cloture) VALUES
(1,  'vendue',     '2024-01-12', '2024-01-25'),
(2,  'active',     '2024-01-18', NULL),
(3,  'active',     '2024-01-23', NULL),
(4,  'vendue',     '2024-01-28', '2024-02-10'),
(5,  'active',     '2024-02-04', NULL),
(6,  'active',     '2024-02-08', NULL),
(7,  'vendue',     '2024-02-14', '2024-02-28'),
(8,  'active',     '2024-02-18', NULL),
(9,  'active',     '2024-02-23', NULL),
(10, 'active',     '2024-02-28', NULL),
(11, 'active',     '2024-03-04', NULL),
(12, 'active',     '2024-03-08', NULL),
(13, 'vendue',     '2024-03-13', '2024-03-30'),
(14, 'active',     '2024-03-18', NULL),
(15, 'active',     '2024-03-23', NULL),
(16, 'active',     '2024-03-28', NULL),
(17, 'active',     '2024-04-04', NULL),
(18, 'active',     '2024-04-08', NULL),
(19, 'vendue',     '2024-04-13', '2024-04-27'),
(20, 'active',     '2024-04-18', NULL),
(21, 'active',     '2024-04-23', NULL),
(22, 'active',     '2024-04-28', NULL),
(23, 'vendue',     '2024-05-04', '2024-05-22'),
(24, 'active',     '2024-05-08', NULL),
(25, 'active',     '2024-05-13', NULL),
(26, 'active',     '2024-05-18', NULL),
(27, 'active',     '2024-05-23', NULL),
(28, 'active',     '2024-05-28', NULL),
(29, 'active',     '2024-06-04', NULL),
(30, 'active',     '2024-06-08', NULL),
(31, 'active',     '2024-06-13', NULL),
(32, 'active',     '2024-06-18', NULL),
(33, 'vendue',     '2024-06-23', '2024-07-10'),
(34, 'active',     '2024-06-28', NULL),
(35, 'active',     '2024-07-04', NULL),
(36, 'active',     '2024-07-08', NULL),
(37, 'active',     '2024-07-13', NULL),
(38, 'active',     '2024-07-18', NULL),
(39, 'active',     '2024-07-23', NULL),
(40, 'active',     '2024-07-28', NULL),
(41, 'active',     '2024-08-04', NULL),
(42, 'active',     '2024-08-08', NULL),
(43, 'vendue',     '2024-08-13', '2024-09-01'),
(44, 'active',     '2024-08-18', NULL),
(45, 'active',     '2024-08-23', NULL),
(46, 'active',     '2024-08-28', NULL),
(47, 'active',     '2024-09-04', NULL),
(48, 'active',     '2024-09-08', NULL),
(49, 'active',     '2024-09-13', NULL),
(50, 'active',     '2024-09-18', NULL),
(51, 'retiree',    '2024-09-23', '2024-10-05'),
(52, 'active',     '2024-09-28', NULL),
(53, 'vendue',     '2024-10-08', '2024-10-25'),
(54, 'active',     '2024-10-13', NULL),
(55, 'active',     '2024-10-18', NULL);

-- ============================================================
--  5. ESTIMATIONS (55)
--     id_expert : utilisateurs 41–50 jouent le rôle d'expert
-- ============================================================
INSERT INTO estimation (id_annonce, id_expert, prix_estime, date_estimation, decision_annonceur, date_decision) VALUES
(1,  41, 800.00,   '2024-01-11', 'acceptee', '2024-01-12'),
(2,  42, 570.00,   '2024-01-16', 'acceptee', '2024-01-18'),
(3,  43, 420.00,   '2024-01-21', 'acceptee', '2024-01-23'),
(4,  44, 1050.00,  '2024-01-26', 'acceptee', '2024-01-28'),
(5,  45, 700.00,   '2024-02-02', 'acceptee', '2024-02-04'),
(6,  46, 200.00,   '2024-02-06', 'acceptee', '2024-02-08'),
(7,  47, 160.00,   '2024-02-12', 'acceptee', '2024-02-14'),
(8,  48, 40.00,    '2024-02-16', 'acceptee', '2024-02-18'),
(9,  49, 590.00,   '2024-02-21', 'acceptee', '2024-02-23'),
(10, 50, 300.00,   '2024-02-26', 'acceptee', '2024-02-28'),
(11, 41, 1650.00,  '2024-03-02', 'acceptee', '2024-03-04'),
(12, 42, 350.00,   '2024-03-06', 'acceptee', '2024-03-08'),
(13, 43, 11500.00, '2024-03-11', 'acceptee', '2024-03-13'),
(14, 44, 620.00,   '2024-03-16', 'acceptee', '2024-03-18'),
(15, 45, 660.00,   '2024-03-21', 'acceptee', '2024-03-23'),
(16, 46, 490.00,   '2024-03-26', 'acceptee', '2024-03-28'),
(17, 47, 610.00,   '2024-04-02', 'acceptee', '2024-04-04'),
(18, 48, 110.00,   '2024-04-06', 'acceptee', '2024-04-08'),
(19, 49, 850.00,   '2024-04-11', 'acceptee', '2024-04-13'),
(20, 50, 520.00,   '2024-04-16', 'acceptee', '2024-04-18'),
(21, 41, 80.00,    '2024-04-21', 'acceptee', '2024-04-23'),
(22, 42, 260.00,   '2024-04-26', 'acceptee', '2024-04-28'),
(23, 43, 17500.00, '2024-05-02', 'acceptee', '2024-05-04'),
(24, 44, 60.00,    '2024-05-06', 'acceptee', '2024-05-08'),
(25, 45, 850.00,   '2024-05-11', 'acceptee', '2024-05-13'),
(26, 46, 130.00,   '2024-05-16', 'acceptee', '2024-05-18'),
(27, 47, 1100.00,  '2024-05-21', 'acceptee', '2024-05-23'),
(28, 48, 290.00,   '2024-05-26', 'acceptee', '2024-05-28'),
(29, 49, 390.00,   '2024-06-02', 'acceptee', '2024-06-04'),
(30, 50, 80.00,    '2024-06-06', 'acceptee', '2024-06-08'),
(31, 41, 130.00,   '2024-06-11', 'acceptee', '2024-06-13'),
(32, 42, 350.00,   '2024-06-16', 'acceptee', '2024-06-18'),
(33, 43, 19500.00, '2024-06-21', 'acceptee', '2024-06-23'),
(34, 44, 260.00,   '2024-06-26', 'acceptee', '2024-06-28'),
(35, 45, 185.00,   '2024-07-02', 'acceptee', '2024-07-04'),
(36, 46, 650.00,   '2024-07-06', 'acceptee', '2024-07-08'),
(37, 47, 165.00,   '2024-07-11', 'acceptee', '2024-07-13'),
(38, 48, 88.00,    '2024-07-16', 'acceptee', '2024-07-18'),
(39, 49, 75.00,    '2024-07-21', 'acceptee', '2024-07-23'),
(40, 50, 420.00,   '2024-07-26', 'acceptee', '2024-07-28'),
(41, 41, 300.00,   '2024-08-02', 'acceptee', '2024-08-04'),
(42, 42, 100.00,   '2024-08-06', 'acceptee', '2024-08-08'),
(43, 43, 20000.00, '2024-08-11', 'acceptee', '2024-08-13'),
(44, 44, 560.00,   '2024-08-16', 'acceptee', '2024-08-18'),
(45, 45, 200.00,   '2024-08-21', 'acceptee', '2024-08-23'),
(46, 46, 50.00,    '2024-08-26', 'acceptee', '2024-08-28'),
(47, 47, 65.00,    '2024-09-02', 'acceptee', '2024-09-04'),
(48, 48, 550.00,   '2024-09-06', 'acceptee', '2024-09-08'),
(49, 49, 230.00,   '2024-09-11', 'acceptee', '2024-09-13'),
(50, 50, 110.00,   '2024-09-16', 'acceptee', '2024-09-18'),
(51, 41, 480.00,   '2024-09-21', 'refusee',  '2024-09-22'),
(52, 42, 520.00,   '2024-09-26', 'acceptee', '2024-09-28'),
(53, 43, 27000.00, '2024-10-06', 'acceptee', '2024-10-08'),
(54, 44, 390.00,   '2024-10-11', 'acceptee', '2024-10-13'),
(55, 45, 160.00,   '2024-10-16', 'acceptee', '2024-10-18');

-- ============================================================
--  6. PROPOSITIONS (70)
--     id_acheteur : utilisateurs 31–40 et autres
--     Certaines concluent la vente (montant >= prix_estime)
-- ============================================================
INSERT INTO proposition (id_annonce, id_acheteur, montant, date_proposition, vente_conclue) VALUES
(1,  31, 750.00,   '2024-01-13', FALSE),
(1,  32, 810.00,   '2024-01-20', TRUE),
(2,  33, 500.00,   '2024-02-01', FALSE),
(2,  34, 540.00,   '2024-02-10', FALSE),
(3,  35, 400.00,   '2024-01-25', FALSE),
(3,  36, 430.00,   '2024-02-05', TRUE),
(4,  37, 990.00,   '2024-01-29', FALSE),
(4,  38, 1060.00,  '2024-02-07', TRUE),
(5,  39, 650.00,   '2024-02-08', FALSE),
(5,  40, 680.00,   '2024-02-15', FALSE),
(6,  31, 180.00,   '2024-02-12', FALSE),
(6,  32, 210.00,   '2024-02-20', TRUE),
(7,  33, 140.00,   '2024-02-15', FALSE),
(7,  34, 165.00,   '2024-02-25', TRUE),
(8,  35, 35.00,    '2024-02-20', FALSE),
(8,  36, 42.00,    '2024-02-28', TRUE),
(9,  37, 560.00,   '2024-02-25', FALSE),
(9,  38, 600.00,   '2024-03-05', TRUE),
(10, 39, 270.00,   '2024-03-03', FALSE),
(10, 40, 310.00,   '2024-03-10', TRUE),
(11, 31, 1500.00,  '2024-03-08', FALSE),
(11, 32, 1700.00,  '2024-03-15', TRUE),
(12, 33, 320.00,   '2024-03-12', FALSE),
(12, 34, 360.00,   '2024-03-20', TRUE),
(13, 35, 11000.00, '2024-03-16', FALSE),
(13, 36, 11600.00, '2024-03-28', TRUE),
(14, 37, 580.00,   '2024-03-22', FALSE),
(15, 38, 640.00,   '2024-03-27', FALSE),
(15, 39, 670.00,   '2024-04-05', TRUE),
(16, 40, 460.00,   '2024-04-02', FALSE),
(17, 31, 580.00,   '2024-04-08', FALSE),
(17, 32, 620.00,   '2024-04-15', TRUE),
(18, 33, 100.00,   '2024-04-12', FALSE),
(19, 34, 820.00,   '2024-04-17', FALSE),
(19, 35, 860.00,   '2024-04-24', TRUE),
(20, 36, 490.00,   '2024-04-22', FALSE),
(20, 37, 530.00,   '2024-04-30', TRUE),
(21, 38, 70.00,    '2024-04-27', FALSE),
(22, 39, 240.00,   '2024-05-02', FALSE),
(23, 40, 17000.00, '2024-05-08', FALSE),
(23, 31, 17600.00, '2024-05-18', TRUE),
(24, 32, 55.00,    '2024-05-12', FALSE),
(24, 33, 62.00,    '2024-05-18', TRUE),
(25, 34, 800.00,   '2024-05-17', FALSE),
(25, 35, 860.00,   '2024-05-25', TRUE),
(26, 36, 110.00,   '2024-05-22', FALSE),
(27, 37, 1050.00,  '2024-05-27', FALSE),
(27, 38, 1110.00,  '2024-06-03', TRUE),
(28, 39, 270.00,   '2024-06-02', FALSE),
(29, 40, 370.00,   '2024-06-08', FALSE),
(33, 31, 19000.00, '2024-06-27', FALSE),
(33, 32, 19600.00, '2024-07-05', TRUE),
(43, 33, 19500.00, '2024-08-17', FALSE),
(43, 34, 20100.00, '2024-08-28', TRUE),
(53, 35, 26500.00, '2024-10-12', FALSE),
(53, 36, 27200.00, '2024-10-22', TRUE),
(2,  37, 555.00,   '2024-03-01', FALSE),
(5,  38, 695.00,   '2024-03-10', FALSE),
(9,  39, 575.00,   '2024-04-01', FALSE),
(14, 40, 610.00,   '2024-04-20', FALSE),
(16, 31, 480.00,   '2024-04-15', FALSE),
(20, 32, 510.00,   '2024-05-05', FALSE),
(22, 33, 255.00,   '2024-05-15', FALSE),
(25, 34, 840.00,   '2024-06-01', FALSE),
(29, 35, 385.00,   '2024-06-20', FALSE),
(35, 36, 175.00,   '2024-07-15', FALSE),
(36, 37, 630.00,   '2024-07-20', FALSE),
(44, 38, 545.00,   '2024-08-25', FALSE),
(48, 39, 535.00,   '2024-09-15', FALSE),
(52, 40, 505.00,   '2024-10-05', FALSE);

-- FIN LMD_data.sql
